<?xml version="1.0" encoding="UTF-8" standalone="yes"?>
<addon id="plugin.program.drewzywiz" name="Drewzy Wizard" version="1.1" provider-name="Drewzy">
  <requires>
    <import addon="xbmc.python" version="2.1.0"/>
  </requires>
  <extension point="xbmc.python.pluginsource" library="default.py">
    <provides>executable</provides>
  </extension>
  <extension point="xbmc.service" library="startup.py" start="startup" />
  <extension point="xbmc.addon.metadata">
    <summary lang="en">Drewzy Wizard</summary>
    <description lang="en">Drewzy Wizard allows you to get access to the latest Drewzy Builds!.</description>
    <platform>all</platform>
  </extension>
</addon>